path,displayName,icon,role
./agents/pesquisador.agent.md,Pesquisador,🔍,Researcher
./agents/estrategista.agent.md,Estrategista,🎯,Strategist
./agents/redator.agent.md,Redator,✍️,Copywriter
./agents/curador-imagens.agent.md,Curador de Imagens,🖼️,Image Curator
./agents/conceituador-visual.agent.md,Conceituador Visual,🎬,Visual Concept Director
./agents/gerador-imagens.agent.md,Gerador de Imagens,🖼️,AI Image Generator
./agents/designer.agent.md,Designer,🎨,Designer
./agents/revisor.agent.md,Revisor,🔎,Reviewer
./agents/publicador.agent.md,Publicador,📤,Publisher
